aid,epaReg,prodName,sourcePage,evType,ts
6b9defb05dfc0199b1f7ef4bafc815338e328fc5935f57cb4ef2ae45e05820af,51934-12,Cidetrak® Da Mec™,H&S,evDownloadLabel,2020-08-26T00:04:58.774Z
6b9defb05dfc0199b1f7ef4bafc815338e328fc5935f57cb4ef2ae45e05820af,81899-4-67419,THE ECOLOGY WORKS SOLUNEEM,PICOL,evDownloadLabel,2020-08-26T00:06:11.910Z
6b9defb05dfc0199b1f7ef4bafc815338e328fc5935f57cb4ef2ae45e05820af,66222-19,QUALI-PRO CHLORPYRIFOS 4E INSECTICIDE,PICOL,evDownloadLabel,2020-08-26T03:40:58.928Z
b1b6c43df0d81dec96dc0b8f8eba7a0da4882680c4e380428211bbce7c69b242,10163-236,Supracide® 2E,H&S,evDownloadLabel,2020-08-26T23:20:33.998Z
6b9defb05dfc0199b1f7ef4bafc815338e328fc5935f57cb4ef2ae45e05820af,19713-49,Carbaryl 4L,H&S,evDownloadLabel,2020-08-26T23:59:59.136Z
d0573972b4e5751d9eee0d67e0696bd97f9563f09542e9fa0a494a60b5304332,66330-404,KASUMIN 2L,PICOL,evDownloadLabel,2020-08-27T11:56:40.858Z
9f635ac94fe07d336db9c7e621382472932fe7db57d37e1fe777b94ba9bd7ff2,66222-103-34704,DIAZINON AG600 WBC INSECTICIDE,PICOL,evDownloadLabel,2020-08-27T14:01:34.397Z
aa60dce9815bd4c2958e1a9410bb1ec6656202a67c1676877a99abbffc0dc703,42750-19-5905,"2,4-D AMINE 4 HERBICIDE",PICOL,evDownloadLabel,2020-08-27T19:05:52.237Z
66be76760e5c86168772ae342b57eef1af5a54ad7e9552c73fa684f8a9fdd0ea,432-1575,ALTUS,PICOL,evDownloadLabel,2020-08-29T17:32:42.200Z
b1b6c43df0d81dec96dc0b8f8eba7a0da4882680c4e380428211bbce7c69b242,9779-273,AGRISOLUTIONS DIMATE 4E SYSTEMIC INSECTICIDE,PICOL,evDownloadLabel,2020-09-01T21:18:08.056Z
33c5b5f6fe19a77b8433f9a516da568e6bd61fd3c1dadb607c7b27ad672ada03,9779-273,AGRISOLUTIONS DIMATE 4E SYSTEMIC INSECTICIDE,PICOL,evDownloadLabel,2020-09-01T21:21:23.077Z
b1b6c43df0d81dec96dc0b8f8eba7a0da4882680c4e380428211bbce7c69b242,62719-591,Lorsban® Advanced,H&S Supplement,evDownloadLabel,2020-09-01T22:22:56.621Z
b1b6c43df0d81dec96dc0b8f8eba7a0da4882680c4e380428211bbce7c69b242,62719-591,Lorsban® Advanced,H&S Supplement,evDownloadLabel,2020-09-01T22:24:44.752Z
b1b6c43df0d81dec96dc0b8f8eba7a0da4882680c4e380428211bbce7c69b242,62719-591,Lorsban® Advanced,H&S,evDownloadLabel,2020-09-01T22:25:34.533Z
b1b6c43df0d81dec96dc0b8f8eba7a0da4882680c4e380428211bbce7c69b242,9779-273,AGRISOLUTIONS DIMATE 4E SYSTEMIC INSECTICIDE,PICOL,evDownloadLabel,2020-09-01T22:28:00.323Z
b1b6c43df0d81dec96dc0b8f8eba7a0da4882680c4e380428211bbce7c69b242,34704-447,Carbaryl 4L,H&S,evDownloadLabel,2020-09-01T22:44:10.837Z
b1b6c43df0d81dec96dc0b8f8eba7a0da4882680c4e380428211bbce7c69b242,9779-273,AGRISOLUTIONS DIMATE 4E SYSTEMIC INSECTICIDE,PICOL,evDownloadLabel,2020-09-01T22:45:37.453Z
b1b6c43df0d81dec96dc0b8f8eba7a0da4882680c4e380428211bbce7c69b242,34704-447,Carbaryl 4L,H&S,evDownloadLabel,2020-09-01T22:59:32.064Z
261fa3a956642244c7681c3c52ca65dfd56ee42b0d6368dfffa59b39bc64756b,9779-273,AGRISOLUTIONS DIMATE 4E SYSTEMIC INSECTICIDE,PICOL,evDownloadLabel,2020-09-03T21:24:29.038Z
261fa3a956642244c7681c3c52ca65dfd56ee42b0d6368dfffa59b39bc64756b,352-730,DuPont™ Altacor®,H&S,evDownloadLabel,2020-09-03T21:25:39.633Z
261fa3a956642244c7681c3c52ca65dfd56ee42b0d6368dfffa59b39bc64756b,352-730,DuPont™ Altacor®,H&S Supplement,evDownloadLabel,2020-09-03T21:25:53.616Z
b1b6c43df0d81dec96dc0b8f8eba7a0da4882680c4e380428211bbce7c69b242,9779-273,AGRISOLUTIONS DIMATE 4E SYSTEMIC INSECTICIDE,PICOL,evDownloadLabel,2020-09-03T21:30:33.677Z
b1b6c43df0d81dec96dc0b8f8eba7a0da4882680c4e380428211bbce7c69b242,352-730,DuPont™ Altacor®,H&S,evDownloadLabel,2020-09-03T21:31:16.165Z
b1b6c43df0d81dec96dc0b8f8eba7a0da4882680c4e380428211bbce7c69b242,352-730,DuPont™ Altacor®,H&S Supplement,evDownloadLabel,2020-09-03T21:31:27.183Z
6b9defb05dfc0199b1f7ef4bafc815338e328fc5935f57cb4ef2ae45e05820af,9779-273,AGRISOLUTIONS DIMATE 4E SYSTEMIC INSECTICIDE,PICOL,evDownloadLabel,2020-09-03T22:47:29.528Z
6b9defb05dfc0199b1f7ef4bafc815338e328fc5935f57cb4ef2ae45e05820af,352-730,DuPont™ Altacor®,H&S,evDownloadLabel,2020-09-03T22:48:25.123Z
6b9defb05dfc0199b1f7ef4bafc815338e328fc5935f57cb4ef2ae45e05820af,352-730,DuPont™ Altacor®,H&S Supplement,evDownloadLabel,2020-09-03T22:48:40.897Z
f1418264e07eb2964ebd5c4b313c26003e413f65a2ced5566e623c32300f1d76,34704-447,Carbaryl 4L,H&S,evDownloadLabel,2020-09-05T06:45:27.263Z
f1418264e07eb2964ebd5c4b313c26003e413f65a2ced5566e623c32300f1d76,53575-32,Isomate®  CM Flex,H&S,evDownloadLabel,2020-09-05T06:45:48.229Z
6d2a8b658adc1ff56801619e1cb283557d2ba63fac34f41238dfeed803392956,2749-556,ACETO BIFENTHRIN 2 EC,PICOL,evDownloadLabel,2020-09-14T22:26:09.529Z
4a3a7f86095a34ab165516a8da2d97f80e276af657c6eec30eb0553398aa9e03,100-1295,Warrior II with Zeon Technology®,H&S,evDownloadLabel,2020-09-16T16:38:58.320Z
ae988b519426cf02c44c2282e074308bb2d7bca09d070440e928c57e0f1b00ac,66222-139,ABBA 0.15EC,PICOL,evDownloadLabel,2020-09-17T18:10:17.738Z
4a2d40421a2c99bd9dd65e62f08543e581a4b6471c76dbc6807f5501e278c9b7,400-503,Acramite® - 50WS,H&S,evDownloadLabel,2020-09-21T18:22:27.116Z
75810c7cf1f1f278200ff5a48e528bc8572b6e25d4d08191d57c57389d26b01d,62719-591,Lorsban® Advanced,H&S,evDownloadLabel,2020-09-21T19:53:39.472Z
75810c7cf1f1f278200ff5a48e528bc8572b6e25d4d08191d57c57389d26b01d,62719-591,Lorsban® Advanced,H&S Supplement,evDownloadLabel,2020-09-21T19:54:47.712Z
b0aea0f893e113c13b32d4655bf15f5988dfb520a55071f7c9bed38a8fc6c94a,72167-43-66222,ABBA 0.15EC MITICIDE/INSECTICIDE,PICOL,evDownloadLabel,2020-09-21T22:59:46.323Z
b0aea0f893e113c13b32d4655bf15f5988dfb520a55071f7c9bed38a8fc6c94a,72167-43-66222,ABBA 0.15EC MITICIDE/INSECTICIDE,PICOL,evDownloadLabel,2020-09-21T22:59:59.695Z
b0aea0f893e113c13b32d4655bf15f5988dfb520a55071f7c9bed38a8fc6c94a,66222-226,ABBA ULTRA MITICIDE/INSECTICIDE,PICOL,evDownloadLabel,2020-09-21T23:00:13.820Z
b0aea0f893e113c13b32d4655bf15f5988dfb520a55071f7c9bed38a8fc6c94a,66222-226,ABBA ULTRA MITICIDE/INSECTICIDE,PICOL,evDownloadLabel,2020-09-21T23:00:17.267Z
b0aea0f893e113c13b32d4655bf15f5988dfb520a55071f7c9bed38a8fc6c94a,72167-43-66222,ABBA 0.15EC MITICIDE/INSECTICIDE,PICOL,evDownloadLabel,2020-09-21T23:00:34.798Z
b0aea0f893e113c13b32d4655bf15f5988dfb520a55071f7c9bed38a8fc6c94a,66222-139,ABBA 0.15EC,PICOL,evDownloadLabel,2020-09-21T23:00:40.208Z
0cccbd307866ddc241955ad223a8445da85f7c923920144c684989f022f912cd,33270-21,"2,4-D /AMINE 4 HERBICIDE",PICOL,evDownloadLabel,2020-09-22T16:00:18.126Z
b0aea0f893e113c13b32d4655bf15f5988dfb520a55071f7c9bed38a8fc6c94a,72167-43-66222,ABBA 0.15EC MITICIDE/INSECTICIDE,PICOL,evDownloadLabel,2020-09-22T16:06:10.897Z
b0aea0f893e113c13b32d4655bf15f5988dfb520a55071f7c9bed38a8fc6c94a,66222-226,ABBA ULTRA MITICIDE/INSECTICIDE,PICOL,evDownloadLabel,2020-09-22T16:06:20.391Z
b0aea0f893e113c13b32d4655bf15f5988dfb520a55071f7c9bed38a8fc6c94a,66222-226,ABBA ULTRA MITICIDE/INSECTICIDE,PICOL,evDownloadLabel,2020-09-22T16:06:23.728Z
0cccbd307866ddc241955ad223a8445da85f7c923920144c684989f022f912cd,62719-591,Lorsban® Advanced,H&S,evDownloadLabel,2020-09-22T16:17:29.188Z
4a3a7f86095a34ab165516a8da2d97f80e276af657c6eec30eb0553398aa9e03,62719-591,Lorsban® Advanced,H&S,evDownloadLabel,2020-09-22T16:25:55.185Z
4a2d40421a2c99bd9dd65e62f08543e581a4b6471c76dbc6807f5501e278c9b7,2935-546,440 Superior Spray Oil,H&S,evDownloadLabel,2020-09-22T16:33:01.681Z
7c441680b9ad0621a8acb78f431d44f6de843842d87a651687fd23cbf4a8f315,34704-447,Carbaryl 4L,H&S,evDownloadLabel,2020-09-22T16:33:31.677Z
4a2d40421a2c99bd9dd65e62f08543e581a4b6471c76dbc6807f5501e278c9b7,2935-546,440 Superior Spray Oil,H&S,evDownloadLabel,2020-09-22T16:33:43.241Z
0cccbd307866ddc241955ad223a8445da85f7c923920144c684989f022f912cd,62719-591,Lorsban® Advanced,H&S,evDownloadLabel,2020-09-22T16:34:49.326Z
4a2d40421a2c99bd9dd65e62f08543e581a4b6471c76dbc6807f5501e278c9b7,400-503,Acramite® - 50WS,H&S,evDownloadLabel,2020-09-22T16:34:51.201Z
0cccbd307866ddc241955ad223a8445da85f7c923920144c684989f022f912cd,400-503,Acramite® - 50WS,H&S,evDownloadLabel,2020-09-22T16:35:41.128Z
ae988b519426cf02c44c2282e074308bb2d7bca09d070440e928c57e0f1b00ac,83100-4-83979,ABACUS AGRICULTURAL MITICIDE/INSECTICIDE,PICOL,evDownloadLabel,2020-09-22T16:44:41.157Z
5ec8f7155f6e2b2fa3530b08d058a090d5a7fc0d39677129798ab23df21568ce,264-1065,Ultor®,H&S Supplement,evDownloadLabel,2020-09-25T23:28:01.047Z
0e4bcad6c092ca1246575f1d9acd48a43d46ceebc16ba220e036753417c20819,66222-28,GALIGAN 2E HERBICIDE,PICOL,evDownloadLabel,2020-09-26T19:05:00.268Z
0e4bcad6c092ca1246575f1d9acd48a43d46ceebc16ba220e036753417c20819,66222-28,GALIGAN 2E HERBICIDE,PICOL,evDownloadLabel,2020-09-26T19:05:23.465Z
0e4bcad6c092ca1246575f1d9acd48a43d46ceebc16ba220e036753417c20819,66222-28,GALIGAN 2E HERBICIDE,PICOL,evDownloadLabel,2020-09-26T19:06:22.519Z
0e4bcad6c092ca1246575f1d9acd48a43d46ceebc16ba220e036753417c20819,66222-28,GALIGAN 2E HERBICIDE,PICOL,evDownloadLabel,2020-09-28T22:20:09.906Z
0e4bcad6c092ca1246575f1d9acd48a43d46ceebc16ba220e036753417c20819,100-1431,GRAMOXONE SL 2.0 HERBICIDE,PICOL,evDownloadLabel,2020-09-28T22:21:28.986Z
0e4bcad6c092ca1246575f1d9acd48a43d46ceebc16ba220e036753417c20819,100-1431,GRAMOXONE SL 2.0 HERBICIDE,PICOL,evDownloadLabel,2020-09-28T22:21:33.632Z
6d2a8b658adc1ff56801619e1cb283557d2ba63fac34f41238dfeed803392956,400-503,Acramite® - 50WS,H&S,evDownloadLabel,2020-09-28T23:43:14.576Z
6d2a8b658adc1ff56801619e1cb283557d2ba63fac34f41238dfeed803392956,264-1025,Belt® SC Insecticide,H&S,evDownloadLabel,2020-09-28T23:43:32.331Z
6d2a8b658adc1ff56801619e1cb283557d2ba63fac34f41238dfeed803392956,8033-23-70506,Assail® 70WP Insecticide,H&S,evDownloadLabel,2020-09-28T23:43:54.076Z
6d2a8b658adc1ff56801619e1cb283557d2ba63fac34f41238dfeed803392956,62719-541,Delegate® WG,H&S,evDownloadLabel,2020-09-28T23:44:08.079Z
4a3a7f86095a34ab165516a8da2d97f80e276af657c6eec30eb0553398aa9e03,8033-23-70506,Intruder® Max 70WP Insecticide,H&S,evDownloadLabel,2020-09-29T00:42:43.053Z
9f635ac94fe07d336db9c7e621382472932fe7db57d37e1fe777b94ba9bd7ff2,352-730,DuPont™ Altacor®,H&S,evDownloadLabel,2020-09-29T21:53:18.719Z
0e4bcad6c092ca1246575f1d9acd48a43d46ceebc16ba220e036753417c20819,8033-23-70506,Assail® 70WP Insecticide,H&S,evDownloadLabel,2020-09-29T22:01:41.527Z
d6d60266ab5001a37acf1afe32143c98b79ab5631f8b42b53d96a73ed1daf321,7969-310,MERIVON XEMIUM BRAND FUNGICIDE,PICOL,evDownloadLabel,2020-09-29T22:01:54.961Z
0e4bcad6c092ca1246575f1d9acd48a43d46ceebc16ba220e036753417c20819,67760-75,TOPGUARD FUNGICIDE SPECIALTY CROPS,PICOL,evDownloadLabel,2020-09-29T22:07:29.518Z
4a3a7f86095a34ab165516a8da2d97f80e276af657c6eec30eb0553398aa9e03,80990-1,FireLine™ 17 WP fungicide/bactericide,H&S,evDownloadLabel,2020-09-30T15:11:53.980Z
4a3a7f86095a34ab165516a8da2d97f80e276af657c6eec30eb0553398aa9e03,80990-1,FireLine™ 17 WP fungicide/bactericide,H&S,evDownloadLabel,2020-09-30T15:15:13.859Z
4a3a7f86095a34ab165516a8da2d97f80e276af657c6eec30eb0553398aa9e03,80990-1,FireLine™ 17 WP fungicide/bactericide,H&S,evDownloadLabel,2020-09-30T15:15:49.157Z
6b9defb05dfc0199b1f7ef4bafc815338e328fc5935f57cb4ef2ae45e05820af,45002-8,AGRISTAR BASIC COPPER 53,PICOL,evDownloadLabel,2020-09-30T16:48:18.184Z
6b9defb05dfc0199b1f7ef4bafc815338e328fc5935f57cb4ef2ae45e05820af,34704-447,Carbaryl 4L,H&S,evDownloadLabel,2020-09-30T16:51:38.763Z
4a3a7f86095a34ab165516a8da2d97f80e276af657c6eec30eb0553398aa9e03,8033-23-70506,Intruder® Max 70WP Insecticide,H&S,evDownloadLabel,2020-10-01T16:45:54.398Z
6b9defb05dfc0199b1f7ef4bafc815338e328fc5935f57cb4ef2ae45e05820af,62719-541,Delegate® WG,H&S,evDownloadLabel,2020-10-12T05:37:41.650Z
7684a8e4774b0ff9242b11266d1ccb56c3d841f1732849a04eade9eb9ab8bf70,73049-39,DiPel® DF Biological Insecticide Dry Flowable,H&S,evDownloadLabel,2020-10-13T19:14:07.429Z
6b9defb05dfc0199b1f7ef4bafc815338e328fc5935f57cb4ef2ae45e05820af,51934-12,Cidetrak® Da Mec™,H&S,evDownloadLabel,2020-10-19T17:05:06.775Z
7c441680b9ad0621a8acb78f431d44f6de843842d87a651687fd23cbf4a8f315,42750-19-5905,"2,4-D AMINE 4 HERBICIDE",PICOL,evDownloadLabel,2020-10-19T21:31:04.941Z
7c441680b9ad0621a8acb78f431d44f6de843842d87a651687fd23cbf4a8f315,66222-191,ABBA 0.15,PICOL,evDownloadLabel,2020-10-19T21:31:59.556Z
4a3a7f86095a34ab165516a8da2d97f80e276af657c6eec30eb0553398aa9e03,66222-191,ABBA 0.15,PICOL,evDownloadLabel,2020-10-19T21:32:07.113Z
4a3a7f86095a34ab165516a8da2d97f80e276af657c6eec30eb0553398aa9e03,66222-191,ABBA 0.15,PICOL,evDownloadLabel,2020-10-19T21:32:11.775Z
7c441680b9ad0621a8acb78f431d44f6de843842d87a651687fd23cbf4a8f315,66222-191,ABBA 0.15,PICOL,evDownloadLabel,2020-10-19T21:32:33.205Z
7c441680b9ad0621a8acb78f431d44f6de843842d87a651687fd23cbf4a8f315,72167-43-66222,ABBA 0.15EC MITICIDE/INSECTICIDE,PICOL,evDownloadLabel,2020-10-19T21:33:39.632Z
7c441680b9ad0621a8acb78f431d44f6de843842d87a651687fd23cbf4a8f315,66222-226,ABBA ULTRA MITICIDE/INSECTICIDE,PICOL,evDownloadLabel,2020-10-19T21:33:54.250Z
7c441680b9ad0621a8acb78f431d44f6de843842d87a651687fd23cbf4a8f315,5481-621,ABBA ULTRA MITICIDE/INSECTICIDE,PICOL,evDownloadLabel,2020-10-19T21:34:08.540Z
4a3a7f86095a34ab165516a8da2d97f80e276af657c6eec30eb0553398aa9e03,5481-621,ABBA ULTRA MITICIDE/INSECTICIDE,PICOL,evDownloadLabel,2020-10-19T21:34:18.722Z
4a3a7f86095a34ab165516a8da2d97f80e276af657c6eec30eb0553398aa9e03,5481-621,ABBA ULTRA MITICIDE/INSECTICIDE,PICOL,evDownloadLabel,2020-10-19T22:44:38.934Z
4a3a7f86095a34ab165516a8da2d97f80e276af657c6eec30eb0553398aa9e03,5481-621,ABBA ULTRA MITICIDE/INSECTICIDE,PICOL,evDownloadLabel,2020-10-19T22:45:36.809Z
ba7ee3e77c35b8e5516b9ccb475f54295394cee9f6ae93912f61e5a11b8af20d,2749-556,ACETO BIFENTHRIN 2 EC,PICOL,evDownloadLabel,2020-10-29T15:58:22.699Z
fc762934fc2ba3879c515370a86abb21f4f84ea315735c56531dac468aeed03a,89442-16,REGULATE SELECT,PICOL,evDownloadLabel,2020-10-30T14:45:33.644Z
fc762934fc2ba3879c515370a86abb21f4f84ea315735c56531dac468aeed03a,89442-16,REGULATE SELECT,PICOL,evDownloadLabel,2020-10-30T14:45:35.139Z
7c441680b9ad0621a8acb78f431d44f6de843842d87a651687fd23cbf4a8f315,71962-2,AGRI-FOS SYSTEMIC FUNGICIDE PLUS,PICOL,evDownloadLabel,2020-11-01T06:23:57.768Z
d48504143c883249cf5bc2486efffbc0bf09632b0a98eb4c42c7a8a4081a25e7,62719-591,Lorsban® Advanced,H&S,evDownloadLabel,2020-11-04T23:32:28.611Z
b9c00f5f04c8a4e5242c5e4fb99032b3425f8b84cbc81e0bfb9a7a4d17012e36,9779-96,120 HERBICIDE,PICOL,evDownloadLabel,2020-11-10T19:21:44.710Z
fcf449c6e351519517b76bc70d5f9ef4d359bce3fe06d46e353fb95e9058b2cf,62719-220,Lorsban®-4E Insecticide,H&S,evDownloadLabel,2020-11-14T06:38:08.893Z
ae46be1a77e9f69087c322050208d09f12092427c47e61ecf46cf66c695507e3,70506-339,ACENTHRIN INSECTICIDE,PICOL,evDownloadLabel,2020-11-14T19:50:12.783Z
ae46be1a77e9f69087c322050208d09f12092427c47e61ecf46cf66c695507e3,400-503,Acramite® - 50WS,H&S,evDownloadLabel,2020-11-14T20:12:47.532Z
ae46be1a77e9f69087c322050208d09f12092427c47e61ecf46cf66c695507e3,264-1025,Belt® SC Insecticide,H&S,evDownloadLabel,2020-11-14T20:14:24.934Z
57d8f038ae60ca0a6c86f4b0b724b9e268a1f9586d09605da5ff6d74cd1b391c,62719-621,Entrust® SC Naturalite®   Insect Control,H&S Supplement,evDownloadLabel,2020-11-21T23:27:28.129Z
57d8f038ae60ca0a6c86f4b0b724b9e268a1f9586d09605da5ff6d74cd1b391c,264-1090,Luna® SENSATION,H&S,evDownloadLabel,2020-11-21T23:34:19.726Z
57c2208484923837e89fc61854013b3056c4ace32cb48803afe6007be9dfbb73,71058-6,IAP HI SUPREME 440 SPRAY OIL-NW,H&S,evDownloadLabel,2020-11-24T00:09:50.162Z
57c2208484923837e89fc61854013b3056c4ace32cb48803afe6007be9dfbb73,85678-58,PARAQUAT 43.2% SL,PICOL,evDownloadLabel,2020-11-24T00:15:09.431Z
57c2208484923837e89fc61854013b3056c4ace32cb48803afe6007be9dfbb73,85678-58,PARAQUAT 43.2% SL,PICOL,evDownloadLabel,2020-11-24T00:15:13.259Z
57c2208484923837e89fc61854013b3056c4ace32cb48803afe6007be9dfbb73,85678-58,PARAQUAT 43.2% SL,PICOL,evDownloadLabel,2020-11-24T00:15:14.684Z
57c2208484923837e89fc61854013b3056c4ace32cb48803afe6007be9dfbb73,85678-58,PARAQUAT 43.2% SL,PICOL,evDownloadLabel,2020-11-24T00:15:21.835Z
57c2208484923837e89fc61854013b3056c4ace32cb48803afe6007be9dfbb73,85678-58,PARAQUAT 43.2% SL,PICOL,evDownloadLabel,2020-11-24T00:15:22.116Z
b9c00f5f04c8a4e5242c5e4fb99032b3425f8b84cbc81e0bfb9a7a4d17012e36,62719-541,Delegate® WG,H&S,evDownloadLabel,2020-11-25T18:51:53.110Z
ae46be1a77e9f69087c322050208d09f12092427c47e61ecf46cf66c695507e3,352-384,DuPONT LANNATE LV INSECTICIDE,PICOL,evDownloadLabel,2020-11-27T10:45:19.089Z
b4acbcd82aa5aa488783ab642493f3b65cd000ef395f2c5205f5e29b81721470,279-3206,TALSTAR P PROFESSIONAL INSECTICIDE,PICOL,evDownloadLabel,2020-11-29T21:11:24.228Z
b9c00f5f04c8a4e5242c5e4fb99032b3425f8b84cbc81e0bfb9a7a4d17012e36,8033-23-70506,Assail® 70WP Insecticide,H&S Supplement,evDownloadLabel,2020-12-01T16:13:29.183Z
b9c00f5f04c8a4e5242c5e4fb99032b3425f8b84cbc81e0bfb9a7a4d17012e36,62719-292,Success® NATURALYTE® INSECT CONTROL,H&S,evDownloadLabel,2020-12-01T16:15:34.255Z
0e4bcad6c092ca1246575f1d9acd48a43d46ceebc16ba220e036753417c20819,100-922,ACTIGARD 50WG,PICOL,evDownloadLabel,2020-12-07T14:59:49.935Z
1e146cd29b187f32b1ee2201b0cc8e23dcc3f9844953405db7f16874847a96d7,400-503,Acramite® - 50WS,H&S,evDownloadLabel,2020-12-08T19:27:49.882Z
371a5a0abedee8b7bf12e52e7aceace6c39bc5b66c4b2cfba00ede5cc9751323,64864-69,ecoFOG-170 DPA POST-HARVEST DIPHENYLAMINE,PICOL,evDownloadLabel,2020-12-08T19:32:21.380Z
371a5a0abedee8b7bf12e52e7aceace6c39bc5b66c4b2cfba00ede5cc9751323,43410-33-83103,HDH TBZ,PICOL,evDownloadLabel,2020-12-08T19:33:14.417Z
371a5a0abedee8b7bf12e52e7aceace6c39bc5b66c4b2cfba00ede5cc9751323,42750-251,FLUDIOXONIL 2L PH,PICOL,evDownloadLabel,2020-12-08T19:33:46.469Z
f948d3327bbe8ffb6d15c116e5997b7a1859763124e5dcb6e5ffb9d7148b0025,264-1052,ADAMENT 50 WG FUNGICIDE,PICOL,evDownloadLabel,2020-12-08T21:24:02.588Z
45f1c77b411245aaef68f15cce8a2161bc8b6470054c736aa0a41604cdbf08ce,228-734,ABAMEX MITICIDE/INSECTICIDE,PICOL,evDownloadLabel,2020-12-08T22:28:08.810Z
4a3a7f86095a34ab165516a8da2d97f80e276af657c6eec30eb0553398aa9e03,264-806,Calypso® 4 Flowable Insecticide,H&S,evDownloadLabel,2020-12-09T05:06:33.788Z
6d2a8b658adc1ff56801619e1cb283557d2ba63fac34f41238dfeed803392956,264-806,Calypso® 4 Flowable Insecticide,H&S,evDownloadLabel,2020-12-09T08:54:45.747Z
6d2a8b658adc1ff56801619e1cb283557d2ba63fac34f41238dfeed803392956,83100-4-83979,ABACUS AGRICULTURAL MITICIDE/INSECTICIDE,PICOL,evDownloadLabel,2020-12-09T08:57:33.137Z
4a3a7f86095a34ab165516a8da2d97f80e276af657c6eec30eb0553398aa9e03,264-806,Calypso® 4 Flowable Insecticide,H&S,evDownloadLabel,2020-12-09T20:53:35.777Z
4a3a7f86095a34ab165516a8da2d97f80e276af657c6eec30eb0553398aa9e03,62719-301,LORSBAN 75WG,PICOL,evDownloadLabel,2020-12-09T20:56:34.060Z
de5b0e93efbda2acaa49735290f4ec0402986f40e1c3bd2919ef1f2ef0e30872,9779-96,120 HERBICIDE,PICOL,evDownloadLabel,2020-12-09T21:22:48.663Z
de5b0e93efbda2acaa49735290f4ec0402986f40e1c3bd2919ef1f2ef0e30872,1001-81,3336 70EG TURF & ORNAMENTAL SYSTEMIC FUNGICIDE,PICOL,evDownloadLabel,2020-12-09T21:22:59.736Z
de5b0e93efbda2acaa49735290f4ec0402986f40e1c3bd2919ef1f2ef0e30872,10163-326,CAPTIVA,PICOL,evDownloadLabel,2020-12-09T21:23:54.365Z
4a3a7f86095a34ab165516a8da2d97f80e276af657c6eec30eb0553398aa9e03,264-806,Calypso® 4 Flowable Insecticide,H&S,evDownloadLabel,2020-12-09T21:36:22.980Z
915d4078d9d958dc36640b12f35f5c0c804b71184c0640bf7270f44a98b72d85,264-806,Calypso® 4 Flowable Insecticide,H&S,evDownloadLabel,2020-12-09T21:36:41.007Z
4a3a7f86095a34ab165516a8da2d97f80e276af657c6eec30eb0553398aa9e03,85678-3,ABAMECTIN 2% MITICIDE/INSECTICIDE,PICOL,evDownloadLabel,2020-12-09T21:39:02.629Z
4a3a7f86095a34ab165516a8da2d97f80e276af657c6eec30eb0553398aa9e03,87290-58,WILLOWOOD ABAMECTIN 0.15EC,PICOL,evDownloadLabel,2020-12-09T21:39:13.936Z
4a3a7f86095a34ab165516a8da2d97f80e276af657c6eec30eb0553398aa9e03,8033-23-70506,Assail® 70WP Insecticide,H&S,evDownloadLabel,2020-12-16T17:29:15.825Z
a7482d6dda33f2d97e9654ee54856f576ae91b8ff43018ca110f806d89bc7332,71096-6,Rex Lime Sulfur Solution,H&S,evDownloadLabel,2020-12-17T21:46:23.329Z
a7482d6dda33f2d97e9654ee54856f576ae91b8ff43018ca110f806d89bc7332,71096-6,Rex Lime Sulfur Solution,H&S,evDownloadLabel,2020-12-17T21:46:57.541Z
a7482d6dda33f2d97e9654ee54856f576ae91b8ff43018ca110f806d89bc7332,71096-6,Rex Lime Sulfur Solution,H&S,evDownloadLabel,2020-12-17T21:47:05.115Z
6903820ac2321c0994cccde996b96d0b6cd6c23acd3e9ddb659c1e44bd80abc3,42750-61,GLY STAR PLUS,PICOL,evDownloadLabel,2020-12-22T22:45:00.678Z
6903820ac2321c0994cccde996b96d0b6cd6c23acd3e9ddb659c1e44bd80abc3,71058-6,IAP 440 SPRAY OIL,PICOL,evDownloadLabel,2020-12-22T22:53:28.658Z
6903820ac2321c0994cccde996b96d0b6cd6c23acd3e9ddb659c1e44bd80abc3,100-1350,AGRI-FLEX MITICIDE/INSECTICIDE,PICOL,evDownloadLabel,2020-12-22T23:05:54.157Z
6903820ac2321c0994cccde996b96d0b6cd6c23acd3e9ddb659c1e44bd80abc3,55146-64,CHAMP FORMULA 2 FLOWABLE,PICOL,evDownloadLabel,2020-12-22T23:34:19.891Z
6903820ac2321c0994cccde996b96d0b6cd6c23acd3e9ddb659c1e44bd80abc3,84229-2,TIMECTIN 0.15EC AG INSECTICIDE/MITICIDE,PICOL,evDownloadLabel,2020-12-22T23:40:38.599Z
6903820ac2321c0994cccde996b96d0b6cd6c23acd3e9ddb659c1e44bd80abc3,34704-1028,LEAF LIFE GAVICIDE GREEN 415,PICOL,evDownloadLabel,2020-12-23T02:42:36.473Z
6903820ac2321c0994cccde996b96d0b6cd6c23acd3e9ddb659c1e44bd80abc3,34704-1028,LEAF LIFE GAVICIDE GREEN 415,PICOL,evDownloadLabel,2020-12-23T02:42:45.736Z
6903820ac2321c0994cccde996b96d0b6cd6c23acd3e9ddb659c1e44bd80abc3,84229-2,TIMECTIN 0.15EC AG INSECTICIDE/MITICIDE,PICOL,evDownloadLabel,2020-12-23T03:00:39.670Z
6903820ac2321c0994cccde996b96d0b6cd6c23acd3e9ddb659c1e44bd80abc3,55146-64,CHAMP FORMULA 2 FLOWABLE,PICOL,evDownloadLabel,2020-12-23T03:21:46.942Z
a6a903e24d0f8ebe07036e3eb8fe95f8ecfc9b89a4d9cce56f2da9b5e2eae143,1001-81,3336 70EG TURF & ORNAMENTAL SYSTEMIC FUNGICIDE,PICOL,evDownloadLabel,2020-12-29T15:41:19.239Z
fc762934fc2ba3879c515370a86abb21f4f84ea315735c56531dac468aeed03a,9779-96,120 HERBICIDE,PICOL,evDownloadLabel,2021-01-05T17:33:34.291Z
fc762934fc2ba3879c515370a86abb21f4f84ea315735c56531dac468aeed03a,81943-11,HAWK-I 2L INSECTICIDE,PICOL,evDownloadLabel,2021-01-05T17:34:38.084Z
fc762934fc2ba3879c515370a86abb21f4f84ea315735c56531dac468aeed03a,70506-8,ACEPHATE 97UP INSECTICIDE,PICOL,evDownloadLabel,2021-01-13T02:13:44.975Z
fc762934fc2ba3879c515370a86abb21f4f84ea315735c56531dac468aeed03a,83222-39,CLEANSHOT 4L HERBICIDE,PICOL,evDownloadLabel,2021-01-13T02:14:06.560Z
7d243422aa7c13cb8f87a3697c545eeaf14913efb57fa5d1701ea1e625c70fb0,70506-121,Lambda-CY™ EC - RUP,H&S,evDownloadLabel,2021-01-13T04:31:50.794Z
a8132963eb929e929b4294430cc06e9b559f71e0c377f73be526fb170dc8e491,66196-2,BSP LIME-SULFUR SOLUTION,PICOL,evDownloadLabel,2021-01-13T18:48:45.255Z
501e0342333ec8d29ba5918253619f745dfee235bc0387983c44ef41c1d7eac9,61842-30-48813,BRANDT LIME SULFUR FUNGICIDE,PICOL,evDownloadLabel,2021-01-14T15:03:49.613Z
501e0342333ec8d29ba5918253619f745dfee235bc0387983c44ef41c1d7eac9,61842-30-48813,BRANDT LIME SULFUR FUNGICIDE,PICOL,evDownloadLabel,2021-01-14T15:05:21.950Z
501e0342333ec8d29ba5918253619f745dfee235bc0387983c44ef41c1d7eac9,61842-30-48813,BRANDT LIME SULFUR FUNGICIDE,PICOL,evDownloadLabel,2021-01-14T15:05:26.019Z
501e0342333ec8d29ba5918253619f745dfee235bc0387983c44ef41c1d7eac9,61842-30,LIME-SULFUR SOLUTION -CANCELLED 2020-,PICOL,evDownloadLabel,2021-01-14T15:19:57.891Z
1f7ee5b0c5c067fee205faae557da5a083d880095b6f3382c454c2ce77ec24d4,45002-8,AGRISTAR BASIC COPPER 53,PICOL,evDownloadLabel,2021-01-14T19:14:58.294Z
c836d31c11f4551554384ce653fddf4a1e8fa9aad2bb4731b2c3fedae829d379,45002-8,AGRISTAR BASIC COPPER 53,PICOL,evDownloadLabel,2021-01-15T04:49:26.292Z
4a3a7f86095a34ab165516a8da2d97f80e276af657c6eec30eb0553398aa9e03,62719-591,Lorsban® Advanced,H&S,evDownloadLabel,2021-01-15T21:37:14.291Z
4469b6c2064e7802fa609e62eab4d9a63af7829d3110f826ce732c72a76a0ecd,9779-96,120 HERBICIDE,PICOL,evDownloadLabel,2021-01-16T04:56:40.170Z
4469b6c2064e7802fa609e62eab4d9a63af7829d3110f826ce732c72a76a0ecd,87659-3,WYNCA USA SUNPHOSATE 41% HERBICIDE,PICOL,evDownloadLabel,2021-01-16T04:59:54.452Z
4469b6c2064e7802fa609e62eab4d9a63af7829d3110f826ce732c72a76a0ecd,59639-78,VALENT ENVOY HERBICIDE,PICOL,evDownloadLabel,2021-01-16T05:05:29.759Z
f1418264e07eb2964ebd5c4b313c26003e413f65a2ced5566e623c32300f1d76,62719-220-55467,GOVERN 4E INSECTICIDE,PICOL,evDownloadLabel,2021-01-16T05:39:33.778Z
c33421473f364d0e48a791ed2ed1f8e2c1a340538eb188a767a2c4310c2f9e7c,352-834,DuPont™ Fontelis® FUNGICIDE,H&S,evDownloadLabel,2021-01-16T22:25:38.575Z
161996da6edd9a23d6003095980dfe61d37644f546a9a5bfa4b7813c28639a88,100-1351,AGRI-MEK SC,PICOL,evDownloadLabel,2021-01-19T04:58:29.640Z
4a3a7f86095a34ab165516a8da2d97f80e276af657c6eec30eb0553398aa9e03,62719-591,Lorsban® Advanced,H&S,evDownloadLabel,2021-01-19T23:24:00.772Z
4a3a7f86095a34ab165516a8da2d97f80e276af657c6eec30eb0553398aa9e03,100-1351,AGRI-MEK SC MITICIDE/INSECTICIDE,PICOL,evDownloadLabel,2021-01-19T23:27:45.087Z
161996da6edd9a23d6003095980dfe61d37644f546a9a5bfa4b7813c28639a88,1001-69,3336 F TURF & ORNAMENTAL FUNGICIDE,PICOL,evDownloadLabel,2021-01-20T00:08:05.236Z
4a3a7f86095a34ab165516a8da2d97f80e276af657c6eec30eb0553398aa9e03,62719-591,Lorsban® Advanced,H&S,evDownloadLabel,2021-01-20T00:51:58.881Z
4a3a7f86095a34ab165516a8da2d97f80e276af657c6eec30eb0553398aa9e03,62719-591,Lorsban® Advanced,H&S Supplement,evDownloadLabel,2021-01-20T00:52:53.755Z
4a3a7f86095a34ab165516a8da2d97f80e276af657c6eec30eb0553398aa9e03,100-1351,AGRI-MEK SC,PICOL,evDownloadLabel,2021-01-20T00:55:34.333Z
4a3a7f86095a34ab165516a8da2d97f80e276af657c6eec30eb0553398aa9e03,62719-591,Lorsban® Advanced,H&S,evDownloadLabel,2021-01-20T03:05:16.425Z
4a3a7f86095a34ab165516a8da2d97f80e276af657c6eec30eb0553398aa9e03,83100-4-83979,ABACUS AGRICULTURAL MITICIDE/INSECTICIDE,PICOL,evDownloadLabel,2021-01-20T03:08:31.480Z
4a3a7f86095a34ab165516a8da2d97f80e276af657c6eec30eb0553398aa9e03,62719-591,Lorsban® Advanced,H&S,evDownloadLabel,2021-01-20T03:23:30.538Z
4a3a7f86095a34ab165516a8da2d97f80e276af657c6eec30eb0553398aa9e03,62719-591,Lorsban® Advanced,H&S,evDownloadLabel,2021-01-20T03:41:21.630Z
4a3a7f86095a34ab165516a8da2d97f80e276af657c6eec30eb0553398aa9e03,62719-591,Lorsban® Advanced,H&S Supplement,evDownloadLabel,2021-01-20T03:43:08.687Z
4a3a7f86095a34ab165516a8da2d97f80e276af657c6eec30eb0553398aa9e03,62719-591,Lorsban® Advanced,H&S Supplement,evDownloadLabel,2021-01-20T03:43:39.782Z
4a3a7f86095a34ab165516a8da2d97f80e276af657c6eec30eb0553398aa9e03,1001-69,3336 F TURF & ORNAMENTAL FUNGICIDE,PICOL,evDownloadLabel,2021-01-20T03:45:44.845Z
9cc91f326b533adfa408caa26b9162e4b409315fe5a6ff47c87e9a97e8fa8ba5,1001-69,3336 F TURF & ORNAMENTAL FUNGICIDE,PICOL,evDownloadLabel,2021-01-20T04:29:31.924Z
9cc91f326b533adfa408caa26b9162e4b409315fe5a6ff47c87e9a97e8fa8ba5,33270-21,"2,4-D /AMINE 4 HERBICIDE",PICOL,evDownloadLabel,2021-01-20T04:30:43.951Z
9cc91f326b533adfa408caa26b9162e4b409315fe5a6ff47c87e9a97e8fa8ba5,1381-103,"2,4-D AMINE 4",PICOL,evDownloadLabel,2021-01-20T04:30:54.750Z
9cc91f326b533adfa408caa26b9162e4b409315fe5a6ff47c87e9a97e8fa8ba5,1381-103,"2,4-D AMINE 4",PICOL,evDownloadLabel,2021-01-20T04:31:00.397Z
9cc91f326b533adfa408caa26b9162e4b409315fe5a6ff47c87e9a97e8fa8ba5,2935-546,440 SUPERIOR SPRAY OIL,PICOL,evDownloadLabel,2021-01-20T04:31:26.883Z
161996da6edd9a23d6003095980dfe61d37644f546a9a5bfa4b7813c28639a88,71368-60-71089,6-BA,PICOL,evDownloadLabel,2021-01-20T17:46:41.793Z
9cc91f326b533adfa408caa26b9162e4b409315fe5a6ff47c87e9a97e8fa8ba5,42750-19-5905,"2,4-D AMINE 4 HERBICIDE",PICOL,evDownloadLabel,2021-01-20T18:39:15.209Z
9cc91f326b533adfa408caa26b9162e4b409315fe5a6ff47c87e9a97e8fa8ba5,42750-19-5905,"2,4-D AMINE 4 HERBICIDE",PICOL,evDownloadLabel,2021-01-20T19:18:02.965Z
9cc91f326b533adfa408caa26b9162e4b409315fe5a6ff47c87e9a97e8fa8ba5,1001-69,3336 F TURF & ORNAMENTAL FUNGICIDE,PICOL,evDownloadLabel,2021-01-20T19:32:16.779Z
9cc91f326b533adfa408caa26b9162e4b409315fe5a6ff47c87e9a97e8fa8ba5,1001-69,3336 F TURF & ORNAMENTAL FUNGICIDE,PICOL,evDownloadLabel,2021-01-20T19:32:21.319Z
4a3a7f86095a34ab165516a8da2d97f80e276af657c6eec30eb0553398aa9e03,62719-591,Lorsban® Advanced,H&S,evDownloadLabel,2021-01-20T20:30:03.530Z
4a3a7f86095a34ab165516a8da2d97f80e276af657c6eec30eb0553398aa9e03,432-1227,SEVIN SL CARBARYL INSECTICIDE (ES),PICOL,evDownloadLabel,2021-01-20T20:33:29.267Z
161996da6edd9a23d6003095980dfe61d37644f546a9a5bfa4b7813c28639a88,2935-546,440 SUPERIOR SPRAY OIL,PICOL,evDownloadLabel,2021-01-20T20:35:46.580Z
161996da6edd9a23d6003095980dfe61d37644f546a9a5bfa4b7813c28639a88,2935-546,440 SUPERIOR SPRAY OIL,PICOL,evDownloadLabel,2021-01-20T20:35:47.830Z
161996da6edd9a23d6003095980dfe61d37644f546a9a5bfa4b7813c28639a88,2935-546,440 SUPERIOR SPRAY OIL,PICOL,evDownloadLabel,2021-01-20T20:35:51.652Z
161996da6edd9a23d6003095980dfe61d37644f546a9a5bfa4b7813c28639a88,2935-546,440 SUPERIOR SPRAY OIL,PICOL,evDownloadLabel,2021-01-20T20:35:53.494Z
161996da6edd9a23d6003095980dfe61d37644f546a9a5bfa4b7813c28639a88,2935-546,440 SUPERIOR SPRAY OIL,PICOL,evDownloadLabel,2021-01-20T20:35:57.694Z
161996da6edd9a23d6003095980dfe61d37644f546a9a5bfa4b7813c28639a88,2935-546,440 SUPERIOR SPRAY OIL,PICOL,evDownloadLabel,2021-01-20T20:35:59.857Z
161996da6edd9a23d6003095980dfe61d37644f546a9a5bfa4b7813c28639a88,2935-546,440 SUPERIOR SPRAY OIL,PICOL,evDownloadLabel,2021-01-20T20:36:01.574Z
161996da6edd9a23d6003095980dfe61d37644f546a9a5bfa4b7813c28639a88,2935-546,440 SUPERIOR SPRAY OIL,PICOL,evDownloadLabel,2021-01-20T20:36:02.895Z
161996da6edd9a23d6003095980dfe61d37644f546a9a5bfa4b7813c28639a88,42750-19-5905,"2,4-D AMINE 4 HERBICIDE",PICOL,evDownloadLabel,2021-01-20T20:36:11.343Z
161996da6edd9a23d6003095980dfe61d37644f546a9a5bfa4b7813c28639a88,42750-19-5905,"2,4-D AMINE 4 HERBICIDE",PICOL,evDownloadLabel,2021-01-20T20:36:14.102Z
161996da6edd9a23d6003095980dfe61d37644f546a9a5bfa4b7813c28639a88,42750-19-5905,"2,4-D AMINE 4 HERBICIDE",PICOL,evDownloadLabel,2021-01-20T20:36:15.441Z
161996da6edd9a23d6003095980dfe61d37644f546a9a5bfa4b7813c28639a88,42750-19-5905,"2,4-D AMINE 4 HERBICIDE",PICOL,evDownloadLabel,2021-01-20T20:36:16.056Z
161996da6edd9a23d6003095980dfe61d37644f546a9a5bfa4b7813c28639a88,42750-19-5905,"2,4-D AMINE 4 HERBICIDE",PICOL,evDownloadLabel,2021-01-20T20:36:16.306Z
161996da6edd9a23d6003095980dfe61d37644f546a9a5bfa4b7813c28639a88,42750-19-5905,"2,4-D AMINE 4 HERBICIDE",PICOL,evDownloadLabel,2021-01-20T20:36:16.539Z
161996da6edd9a23d6003095980dfe61d37644f546a9a5bfa4b7813c28639a88,42750-19-5905,"2,4-D AMINE 4 HERBICIDE",PICOL,evDownloadLabel,2021-01-20T20:36:16.770Z
161996da6edd9a23d6003095980dfe61d37644f546a9a5bfa4b7813c28639a88,42750-19-5905,"2,4-D AMINE 4 HERBICIDE",PICOL,evDownloadLabel,2021-01-20T20:36:29.117Z
161996da6edd9a23d6003095980dfe61d37644f546a9a5bfa4b7813c28639a88,42750-19-5905,"2,4-D AMINE 4 HERBICIDE",PICOL,evDownloadLabel,2021-01-20T20:36:29.949Z
161996da6edd9a23d6003095980dfe61d37644f546a9a5bfa4b7813c28639a88,33270-21,"2,4-D /AMINE 4 HERBICIDE",PICOL,evDownloadLabel,2021-01-20T20:36:37.602Z
161996da6edd9a23d6003095980dfe61d37644f546a9a5bfa4b7813c28639a88,33270-21,"2,4-D /AMINE 4 HERBICIDE",PICOL,evDownloadLabel,2021-01-20T20:36:41.215Z
161996da6edd9a23d6003095980dfe61d37644f546a9a5bfa4b7813c28639a88,33270-21,"2,4-D /AMINE 4 HERBICIDE",PICOL,evDownloadLabel,2021-01-20T20:36:41.731Z
161996da6edd9a23d6003095980dfe61d37644f546a9a5bfa4b7813c28639a88,33270-21,"2,4-D /AMINE 4 HERBICIDE",PICOL,evDownloadLabel,2021-01-20T20:36:41.967Z
161996da6edd9a23d6003095980dfe61d37644f546a9a5bfa4b7813c28639a88,33270-21,"2,4-D /AMINE 4 HERBICIDE",PICOL,evDownloadLabel,2021-01-20T20:36:46.294Z
161996da6edd9a23d6003095980dfe61d37644f546a9a5bfa4b7813c28639a88,33270-21,"2,4-D /AMINE 4 HERBICIDE",PICOL,evDownloadLabel,2021-01-20T20:36:54.200Z
161996da6edd9a23d6003095980dfe61d37644f546a9a5bfa4b7813c28639a88,33270-21,"2,4-D /AMINE 4 HERBICIDE",PICOL,evDownloadLabel,2021-01-20T20:36:54.522Z
161996da6edd9a23d6003095980dfe61d37644f546a9a5bfa4b7813c28639a88,33270-21,"2,4-D /AMINE 4 HERBICIDE",PICOL,evDownloadLabel,2021-01-20T20:36:54.762Z
4a3a7f86095a34ab165516a8da2d97f80e276af657c6eec30eb0553398aa9e03,62719-591,Lorsban® Advanced,H&S,evDownloadLabel,2021-01-20T21:05:00.686Z
4a3a7f86095a34ab165516a8da2d97f80e276af657c6eec30eb0553398aa9e03,1001-69,3336 F TURF & ORNAMENTAL FUNGICIDE,PICOL,evDownloadLabel,2021-01-20T21:08:23.138Z
7c441680b9ad0621a8acb78f431d44f6de843842d87a651687fd23cbf4a8f315,59639-115-66222,Pitch® 35WP,H&S,evDownloadLabel,2021-01-25T03:47:54.060Z
1663214b378aa8ea947f87a8716d7c63c3a5dc1863d6e4b3c9b2a7df6db893a5,82940-1,RESIST 57,PICOL,evDownloadLabel,2021-01-25T21:07:16.300Z
cc9aa92cab3335e4dea5f82fc30e24ab64f1d1d9e04f3e41b1539be9790d18d8,10163-337,ONAGER EW MITICIDE,PICOL,evDownloadLabel,2021-01-25T21:10:01.138Z
a50e16695a9b359068528dbbe8339a5688afa499a4214acabab8ab72a6a99256,352-384,DuPONT LANNATE LV INSECTICIDE,PICOL,evDownloadLabel,2021-01-25T21:11:03.745Z
cc9aa92cab3335e4dea5f82fc30e24ab64f1d1d9e04f3e41b1539be9790d18d8,264-1078,VELUM PRIME,PICOL,evDownloadLabel,2021-01-25T21:11:52.171Z
bf1f666257917d382ff00de468b7bd27787647377aa64329f35d862deda90eac,264-1085,LUNA TRANQUILITY,PICOL,evDownloadLabel,2021-01-25T21:14:16.932Z
bf1f666257917d382ff00de468b7bd27787647377aa64329f35d862deda90eac,62719-220,Lorsban®-4E Insecticide,H&S,evDownloadLabel,2021-01-25T21:22:15.869Z
d6fde213f7d59b40179315b8691bd457757a92bc138a08fe4d3f2b51f9652fbd,100-1295,Warrior II with Zeon Technology®,H&S,evDownloadLabel,2021-01-25T21:22:19.743Z
bf1f666257917d382ff00de468b7bd27787647377aa64329f35d862deda90eac,62719-220,LORSBAN-4E INSECTICIDE,PICOL,evDownloadLabel,2021-01-25T21:22:46.237Z
bf1f666257917d382ff00de468b7bd27787647377aa64329f35d862deda90eac,62719-541,DELEGATE WG INSECTICIDE,PICOL,evDownloadLabel,2021-01-25T22:33:32.827Z
bf1f666257917d382ff00de468b7bd27787647377aa64329f35d862deda90eac,62719-541,DELEGATE WG INSECTICIDE,PICOL,evDownloadLabel,2021-01-25T22:33:36.928Z
cac0b0f2b77472235659579530aba6ff74333b3a6f8b53636f3bcfac0464ec2d,62719-541,Delegate® WG,H&S,evDownloadLabel,2021-01-25T22:42:31.503Z
cac0b0f2b77472235659579530aba6ff74333b3a6f8b53636f3bcfac0464ec2d,62719-541,Delegate® WG,H&S Supplement,evDownloadLabel,2021-01-25T22:45:03.098Z
cac0b0f2b77472235659579530aba6ff74333b3a6f8b53636f3bcfac0464ec2d,62719-541,Delegate® WG,H&S Supplement,evDownloadLabel,2021-01-25T22:45:08.340Z
cac0b0f2b77472235659579530aba6ff74333b3a6f8b53636f3bcfac0464ec2d,62719-541,Delegate® WG,H&S Supplement,evDownloadLabel,2021-01-25T22:45:13.045Z
cac0b0f2b77472235659579530aba6ff74333b3a6f8b53636f3bcfac0464ec2d,62719-541,Delegate® WG,H&S Supplement,evDownloadLabel,2021-01-25T22:45:16.838Z
cac0b0f2b77472235659579530aba6ff74333b3a6f8b53636f3bcfac0464ec2d,62719-541,Delegate® WG,H&S Supplement,evDownloadLabel,2021-01-25T22:45:21.411Z
cac0b0f2b77472235659579530aba6ff74333b3a6f8b53636f3bcfac0464ec2d,62719-282,ENTRUST,PICOL,evDownloadLabel,2021-01-25T22:48:32.674Z
cac0b0f2b77472235659579530aba6ff74333b3a6f8b53636f3bcfac0464ec2d,62719-621,ENTRUST SC NATURALYTE INSECT CONTROL,PICOL,evDownloadLabel,2021-01-25T22:49:20.681Z
1f7ee5b0c5c067fee205faae557da5a083d880095b6f3382c454c2ce77ec24d4,45002-8,AGRISTAR BASIC COPPER 53,PICOL,evDownloadLabel,2021-01-26T20:27:55.742Z
a75176cde322bb72860c37ffbde3e1c039f012c840e56127a59312a8485f9f0c,45002-8,AGRISTAR BASIC COPPER 53,PICOL,evDownloadLabel,2021-01-26T20:35:27.694Z
4ea53ffd22e8a69442efbd37b445ffe048dfed22f1fbf08f27cdf7db8ca86311,33270-21,"2,4-D /AMINE 4 HERBICIDE",PICOL,evDownloadLabel,2021-01-26T22:15:21.494Z
3bb70eb978349f7fbe8d2420fdbe9921bb4d97d65821f9332e98ae364a0b8c31,100-1431,GRAMOXONE SL 2.0 HERBICIDE,PICOL,evDownloadLabel,2021-01-26T22:22:13.012Z
6b9defb05dfc0199b1f7ef4bafc815338e328fc5935f57cb4ef2ae45e05820af,45002-8,AGRISTAR BASIC COPPER 53,PICOL,evDownloadLabel,2021-01-26T23:38:01.613Z
4ea53ffd22e8a69442efbd37b445ffe048dfed22f1fbf08f27cdf7db8ca86311,2935-546,440 SUPERIOR SPRAY OIL,PICOL,evDownloadLabel,2021-01-28T13:47:46.962Z
4ea53ffd22e8a69442efbd37b445ffe048dfed22f1fbf08f27cdf7db8ca86311,2935-546,440 SUPERIOR SPRAY OIL,PICOL,evDownloadLabel,2021-01-28T13:47:52.287Z
90cf9f983b38da220fb25f98f249d22cc3d35240893b9cd0f868acb633bed790,33270-21,"2,4-D /AMINE 4 HERBICIDE",PICOL,evDownloadLabel,2021-01-28T16:02:55.226Z
a022ea808a142a4d03a9b4eb3dfa74859a16241e510b3f56edbfdecf50ce8fae,352-834,DuPont™ Fontelis® FUNGICIDE,H&S,evDownloadLabel,2021-01-29T00:22:17.937Z
7684a8e4774b0ff9242b11266d1ccb56c3d841f1732849a04eade9eb9ab8bf70,73049-39,DiPel® DF Biological Insecticide Dry Flowable,H&S,evDownloadLabel,2021-01-29T03:28:58.966Z
104e150cfd3f29fd0712771d2d869c911c993eba44ebeddbbb71410d40b1a918,264-827,ADMIRE PRO SYSTEMIC PROTECTANT,PICOL,evDownloadLabel,2021-01-29T18:11:18.234Z
3bb70eb978349f7fbe8d2420fdbe9921bb4d97d65821f9332e98ae364a0b8c31,100-1431,GRAMOXONE SL 2.0 HERBICIDE,PICOL,evDownloadLabel,2021-01-29T21:24:50.021Z
3bb70eb978349f7fbe8d2420fdbe9921bb4d97d65821f9332e98ae364a0b8c31,100-1431,GRAMOXONE SL 2.0 HERBICIDE,PICOL,evDownloadLabel,2021-01-29T21:24:53.088Z
bb8e6c4d87a0c509cffd38c5b725f11459f461bba891a541e4e1fe6b5d4b28d0,59639-141,ADORN FUNGICIDE,PICOL,evDownloadLabel,2021-01-30T20:31:23.118Z
bb8e6c4d87a0c509cffd38c5b725f11459f461bba891a541e4e1fe6b5d4b28d0,100-1350,AGRI-FLEX MITICIDE/INSECTICIDE,PICOL,evDownloadLabel,2021-01-30T20:34:23.730Z
bb8e6c4d87a0c509cffd38c5b725f11459f461bba891a541e4e1fe6b5d4b28d0,100-1350,AGRI-FLEX MITICIDE/INSECTICIDE,PICOL,evDownloadLabel,2021-01-30T20:34:28.442Z
825dfc571ddb396e52fac55c4dc6101bb7f51b2aa84b6b7bb840b1caffb2f3b5,53575-32,Isomate®  CM Flex,H&S,evDownloadLabel,2021-01-31T17:48:21.071Z
825dfc571ddb396e52fac55c4dc6101bb7f51b2aa84b6b7bb840b1caffb2f3b5,2792-62,AGCLOR 310,PICOL,evDownloadLabel,2021-02-01T02:52:04.650Z
4a3a7f86095a34ab165516a8da2d97f80e276af657c6eec30eb0553398aa9e03,62719-591,Lorsban® Advanced,H&S,evDownloadLabel,2021-02-02T01:25:11.611Z
4a3a7f86095a34ab165516a8da2d97f80e276af657c6eec30eb0553398aa9e03,71096-6,Rex Lime Sulfur Solution,H&S,evDownloadLabel,2021-02-02T02:06:29.527Z
4a3a7f86095a34ab165516a8da2d97f80e276af657c6eec30eb0553398aa9e03,264-1025,Belt® SC Insecticide,H&S,evDownloadLabel,2021-02-02T02:07:28.017Z
00ca5464486d0dff8753719aa1f0d2a5166c5acbb47da55d87c1cbb22e2b2193,62719-541,Delegate® WG,H&S,evDownloadLabel,2021-02-02T21:05:05.227Z
5396bcf828cb487b3b3e04ef34e2fb7a1538107652810ac9dca159a08947171c,34704-890,MAD DOG PLUS,PICOL,evDownloadLabel,2021-02-02T21:10:13.395Z
5396bcf828cb487b3b3e04ef34e2fb7a1538107652810ac9dca159a08947171c,70299-17,AZAGUARD BOTANICAL INSECTICIDE/NEMATICIDE,PICOL,evDownloadLabel,2021-02-02T21:11:43.785Z
959550a93252272da3b9f8da278240407cb89f8ac4ade92a22d881cacc1f92e2,33270-21,"2,4-D /AMINE 4 HERBICIDE",PICOL,evDownloadLabel,2021-02-02T21:11:48.856Z
00ca5464486d0dff8753719aa1f0d2a5166c5acbb47da55d87c1cbb22e2b2193,400-503,ACRAMITE-50WS,PICOL,evDownloadLabel,2021-02-02T21:12:46.384Z
08c4d21ec4caf335321966da5cccb27526f1ce41f4e45bac4ad634bac7cded7e,279-3241,AIM EC HERBICIDE,PICOL,evDownloadLabel,2021-02-02T21:14:30.067Z
5396bcf828cb487b3b3e04ef34e2fb7a1538107652810ac9dca159a08947171c,42750-60,GLY STAR ORIGINAL,PICOL,evDownloadLabel,2021-02-02T21:15:13.302Z
3a7c048f39e61a0bbc74587192c898890a6c18a471bb3b1f1097fa86e75c6d18,59639-209,Asana® XL Insecticide,H&S,evDownloadLabel,2021-02-02T21:24:59.826Z
3a7c048f39e61a0bbc74587192c898890a6c18a471bb3b1f1097fa86e75c6d18,59639-209,Asana® XL Insecticide,H&S,evDownloadLabel,2021-02-02T21:25:13.458Z
fbb12a587b6226d4397a86a89819547e8d591a5119d6740887543f974e9762c2,62719-591,Lorsban® Advanced,H&S,evDownloadLabel,2021-02-02T21:26:40.734Z
5396bcf828cb487b3b3e04ef34e2fb7a1538107652810ac9dca159a08947171c,62719-591,Lorsban® Advanced,H&S,evDownloadLabel,2021-02-02T21:27:15.947Z
371a5a0abedee8b7bf12e52e7aceace6c39bc5b66c4b2cfba00ede5cc9751323,62719-591,Lorsban® Advanced,H&S,evDownloadLabel,2021-02-02T21:27:40.030Z
371a5a0abedee8b7bf12e52e7aceace6c39bc5b66c4b2cfba00ede5cc9751323,264-806,Calypso® 4 Flowable Insecticide,H&S,evDownloadLabel,2021-02-02T21:29:40.951Z
5396bcf828cb487b3b3e04ef34e2fb7a1538107652810ac9dca159a08947171c,85208-1-73015,VINAGREEN,PICOL,evDownloadLabel,2021-02-02T21:40:07.068Z
4ad4f38227e838ced3e4b09122585340d49e70217b28cd46fa092c14eac109b9,2935-546,470 SUPREME SPRAY OIL,PICOL,evDownloadLabel,2021-02-02T21:46:35.293Z
371a5a0abedee8b7bf12e52e7aceace6c39bc5b66c4b2cfba00ede5cc9751323,8033-23-70506,ASSAIL 70WP INSECTICIDE,PICOL,evDownloadLabel,2021-02-02T21:47:07.254Z
371a5a0abedee8b7bf12e52e7aceace6c39bc5b66c4b2cfba00ede5cc9751323,8033-23-70506,ASSAIL 70WP INSECTICIDE,PICOL,evDownloadLabel,2021-02-02T21:47:27.760Z
371a5a0abedee8b7bf12e52e7aceace6c39bc5b66c4b2cfba00ede5cc9751323,8033-23,ASSAIL 70WP INSECTICIDE,PICOL,evDownloadLabel,2021-02-02T21:47:56.245Z
4a3a7f86095a34ab165516a8da2d97f80e276af657c6eec30eb0553398aa9e03,8033-23-70506,Assail® 70WP Insecticide,H&S,evDownloadLabel,2021-02-02T21:51:48.139Z
371a5a0abedee8b7bf12e52e7aceace6c39bc5b66c4b2cfba00ede5cc9751323,8033-23-70506,Assail® 70WP Insecticide,H&S,evDownloadLabel,2021-02-02T21:51:55.066Z
cb2533c16a50563707285f8b293111b2a463936773c278f356c5b65913688196,8033-23-70506,Assail® 70WP Insecticide,H&S,evDownloadLabel,2021-02-02T21:52:23.211Z
59bdd61cd653302a52710fd1eaa1c635d920fbca9ecf131677c6428381e5ee5a,85678-58,PARAQUAT 43.2% SL,PICOL,evDownloadLabel,2021-02-02T21:56:01.781Z
59bdd61cd653302a52710fd1eaa1c635d920fbca9ecf131677c6428381e5ee5a,85678-58,PARAQUAT 43.2% SL,PICOL,evDownloadLabel,2021-02-02T21:56:06.801Z
59bdd61cd653302a52710fd1eaa1c635d920fbca9ecf131677c6428381e5ee5a,85678-58,PARAQUAT 43.2% SL,PICOL,evDownloadLabel,2021-02-02T21:56:07.413Z
59bdd61cd653302a52710fd1eaa1c635d920fbca9ecf131677c6428381e5ee5a,85678-58,PARAQUAT 43.2% SL,PICOL,evDownloadLabel,2021-02-02T21:56:07.627Z
59bdd61cd653302a52710fd1eaa1c635d920fbca9ecf131677c6428381e5ee5a,85678-58,PARAQUAT 43.2% SL,PICOL,evDownloadLabel,2021-02-02T21:56:07.804Z
59bdd61cd653302a52710fd1eaa1c635d920fbca9ecf131677c6428381e5ee5a,85678-58,PARAQUAT 43.2% SL,PICOL,evDownloadLabel,2021-02-02T21:56:09.316Z
59bdd61cd653302a52710fd1eaa1c635d920fbca9ecf131677c6428381e5ee5a,85678-58,PARAQUAT 43.2% SL,PICOL,evDownloadLabel,2021-02-02T21:56:09.539Z
59bdd61cd653302a52710fd1eaa1c635d920fbca9ecf131677c6428381e5ee5a,85678-58,PARAQUAT 43.2% SL,PICOL,evDownloadLabel,2021-02-02T21:56:09.700Z
59bdd61cd653302a52710fd1eaa1c635d920fbca9ecf131677c6428381e5ee5a,85678-58,PARAQUAT 43.2% SL,PICOL,evDownloadLabel,2021-02-02T21:56:09.842Z
59bdd61cd653302a52710fd1eaa1c635d920fbca9ecf131677c6428381e5ee5a,85678-58,PARAQUAT 43.2% SL,PICOL,evDownloadLabel,2021-02-02T21:56:09.989Z
59bdd61cd653302a52710fd1eaa1c635d920fbca9ecf131677c6428381e5ee5a,85678-58,PARAQUAT 43.2% SL,PICOL,evDownloadLabel,2021-02-02T21:56:16.176Z
59bdd61cd653302a52710fd1eaa1c635d920fbca9ecf131677c6428381e5ee5a,85678-58,PARAQUAT 43.2% SL,PICOL,evDownloadLabel,2021-02-02T21:56:18.608Z
5396bcf828cb487b3b3e04ef34e2fb7a1538107652810ac9dca159a08947171c,100-1070,FUSILADE DX HERBICIDE,PICOL,evDownloadLabel,2021-02-03T00:11:19.730Z
4a3a7f86095a34ab165516a8da2d97f80e276af657c6eec30eb0553398aa9e03,62719-591,Lorsban® Advanced,H&S,evDownloadLabel,2021-02-03T01:27:55.727Z
5396bcf828cb487b3b3e04ef34e2fb7a1538107652810ac9dca159a08947171c,100-1070,FUSILADE DX HERBICIDE,PICOL,evDownloadLabel,2021-02-03T02:30:01.520Z
08c4d21ec4caf335321966da5cccb27526f1ce41f4e45bac4ad634bac7cded7e,89046-12-88847,LEPROTEC,PICOL,evDownloadLabel,2021-02-03T19:21:54.852Z
08c4d21ec4caf335321966da5cccb27526f1ce41f4e45bac4ad634bac7cded7e,89046-12-88847,LEPROTEC,PICOL,evDownloadLabel,2021-02-03T19:23:20.806Z
08c4d21ec4caf335321966da5cccb27526f1ce41f4e45bac4ad634bac7cded7e,7969-448,RELY 280 HERBICIDE,PICOL,evDownloadLabel,2021-02-03T19:23:59.845Z
08c4d21ec4caf335321966da5cccb27526f1ce41f4e45bac4ad634bac7cded7e,42750-19-5905,"2,4-D AMINE 4 HERBICIDE",PICOL,evDownloadLabel,2021-02-03T19:25:20.803Z
08c4d21ec4caf335321966da5cccb27526f1ce41f4e45bac4ad634bac7cded7e,83529-27,PARA-SHOT 3.0,PICOL,evDownloadLabel,2021-02-03T19:46:43.274Z
d8542ad465b02de922443f5a422c1f0f6f2884ae4941a5235b9f6fda6b51b02c,66222-176,QUALI-PRO GLYPHOSATE PLUS HERBICIDE,PICOL,evDownloadLabel,2021-02-03T19:47:04.302Z
3233a7091df209984cd55d8c0a7261a3b957460d8b8a56f1b94a43786f0a3a4a,34704-447,Carbaryl 4L,H&S,evDownloadLabel,2021-02-03T19:50:21.434Z
3233a7091df209984cd55d8c0a7261a3b957460d8b8a56f1b94a43786f0a3a4a,34704-447,Carbaryl 4L,H&S,evDownloadLabel,2021-02-03T19:51:59.784Z
a8b7efafc442b515e11c4535d038fdd26665aeab5d184bde821ba1c5762435f7,62719-220,Lorsban®-4E Insecticide,H&S,evDownloadLabel,2021-02-03T20:15:09.200Z
a8b7efafc442b515e11c4535d038fdd26665aeab5d184bde821ba1c5762435f7,62719-220,Lorsban®-4E Insecticide,H&S,evDownloadLabel,2021-02-03T20:20:56.551Z
a8b7efafc442b515e11c4535d038fdd26665aeab5d184bde821ba1c5762435f7,62719-220,Lorsban®-4E Insecticide,H&S,evDownloadLabel,2021-02-03T20:22:16.066Z
a8b7efafc442b515e11c4535d038fdd26665aeab5d184bde821ba1c5762435f7,62719-220,Lorsban®-4E Insecticide,H&S,evDownloadLabel,2021-02-03T20:22:42.878Z
a8b7efafc442b515e11c4535d038fdd26665aeab5d184bde821ba1c5762435f7,62719-220,Lorsban®-4E Insecticide,H&S,evDownloadLabel,2021-02-03T21:05:19.504Z
df2c24dcba7366af2a0f5058f2ecaede3736b0c0b5e73f05436dfd01abd8156b,70506-339,ACENTHRIN INSECTICIDE,PICOL,evDownloadLabel,2021-02-03T21:09:00.194Z
df2c24dcba7366af2a0f5058f2ecaede3736b0c0b5e73f05436dfd01abd8156b,61842-30,LIME-SULFUR SOLUTION AG FUNGICIDE,PICOL,evDownloadLabel,2021-02-03T21:11:23.117Z
7817c36a11ec1f07fc20fe70776130c5ebaeba89cc864e0f24ac107096d05b2f,71096-6,Rex Lime Sulfur Solution,H&S,evDownloadLabel,2021-02-03T21:11:32.413Z
df2c24dcba7366af2a0f5058f2ecaede3736b0c0b5e73f05436dfd01abd8156b,61842-30-48813,BRANDT LIME SULFUR FUNGICIDE,PICOL,evDownloadLabel,2021-02-03T21:11:33.079Z
905d82fd47d7fc2cad4394b927ee06261ceb7df82710883fd8efd365b610c4f4,62719-541,Delegate® WG,H&S,evDownloadLabel,2021-02-03T21:12:07.691Z
df2c24dcba7366af2a0f5058f2ecaede3736b0c0b5e73f05436dfd01abd8156b,71096-11,LIME SULFUR ULTRA,PICOL,evDownloadLabel,2021-02-03T21:12:08.676Z
3c1b22ffd44818994c9dbcfbc157ad49170e36ee1a9a12915cf28044f21ae925,83100-4-83979,ABACUS AGRICULTURAL MITICIDE/INSECTICIDE,PICOL,evDownloadLabel,2021-02-03T21:12:25.681Z
3c1b22ffd44818994c9dbcfbc157ad49170e36ee1a9a12915cf28044f21ae925,2935-546,470 SUPREME SPRAY OIL,PICOL,evDownloadLabel,2021-02-03T21:12:34.261Z
3c1b22ffd44818994c9dbcfbc157ad49170e36ee1a9a12915cf28044f21ae925,2935-546,470 SUPREME SPRAY OIL,PICOL,evDownloadLabel,2021-02-03T21:12:37.633Z
cce46e09be414363acb65b1cb30f0b9cb815c89a0ee5b63cf329b1be88e11340,62719-220,Lorsban®-4E Insecticide,H&S,evDownloadLabel,2021-02-03T21:29:29.251Z
df2c24dcba7366af2a0f5058f2ecaede3736b0c0b5e73f05436dfd01abd8156b,71096-6,REX LIME SULFUR SOLUTION,PICOL,evDownloadLabel,2021-02-03T21:37:46.033Z
6033f1cbc3324b6fe261f10eea6d1d0de057b9f34ee61eb547be32423b35c725,228-734,ABAMEX MITICIDE/INSECTICIDE,PICOL,evDownloadLabel,2021-02-03T21:44:29.726Z
7f648f46ba85f3a91e18f6d750a925b1f907005f5bd5c11c601ca57fd2cfc2e9,51934-12,Cidetrak® Da Mec™,H&S,evDownloadLabel,2021-02-03T21:49:53.694Z
b8323c5aadcd04eb1cbfc8d073e3fea8216f93add531c9a5a43aa4b4bff43057,42750-19-5905,"2,4-D AMINE 4 HERBICIDE",PICOL,evDownloadLabel,2021-02-03T21:57:58.182Z
f713055a14e10a010b6df51aee5da98625d694126db33bcd8ec597a3a41d6d80,34704-447,Carbaryl 4L,H&S,evDownloadLabel,2021-02-03T23:50:12.269Z
9f635ac94fe07d336db9c7e621382472932fe7db57d37e1fe777b94ba9bd7ff2,45002-8,AGRISTAR BASIC COPPER 53,PICOL,evDownloadLabel,2021-02-04T18:12:58.058Z
9f635ac94fe07d336db9c7e621382472932fe7db57d37e1fe777b94ba9bd7ff2,5481-414,K-SALT FRUIT FIX 200,PICOL,evDownloadLabel,2021-02-04T19:36:44.122Z
7beabc04dd9f3e93048050b0f5c221f68645e30d799d3cf6c84ad30a338d3b57,55146-57,CHAMP DRY PRILL AGRICULTURAL FUNGICIDE / BACTERICIDE,PICOL,evDownloadLabel,2021-02-05T05:25:13.427Z
7beabc04dd9f3e93048050b0f5c221f68645e30d799d3cf6c84ad30a338d3b57,55146-57,CHAMP DRY PRILL AGRICULTURAL FUNGICIDE / BACTERICIDE,PICOL,evDownloadLabel,2021-02-05T05:25:18.069Z
7dc3ddc6dce1c1fad96e2e2d78bb3b038c1fd2f2db9b1082d5287e2e4809e699,1381-103,"2,4-D AMINE 4",PICOL,evDownloadLabel,2021-02-05T18:25:40.122Z
22ac4054ea4eb6030e3da55fd2b52b9bac87bce902a85e3e2b3f4ea374badbed,2935-546,440 Superior Spray Oil,H&S,evDownloadLabel,2021-02-07T17:49:49.422Z
825dfc571ddb396e52fac55c4dc6101bb7f51b2aa84b6b7bb840b1caffb2f3b5,264-1025,Belt® SC Insecticide,H&S Supplement,evDownloadLabel,2021-02-08T05:28:45.907Z
825dfc571ddb396e52fac55c4dc6101bb7f51b2aa84b6b7bb840b1caffb2f3b5,264-1025,Belt® SC Insecticide,H&S,evDownloadLabel,2021-02-08T05:28:48.326Z
825dfc571ddb396e52fac55c4dc6101bb7f51b2aa84b6b7bb840b1caffb2f3b5,264-1025,Belt® SC Insecticide,H&S Supplement,evDownloadLabel,2021-02-08T05:29:06.101Z
825dfc571ddb396e52fac55c4dc6101bb7f51b2aa84b6b7bb840b1caffb2f3b5,264-1025,Belt® SC Insecticide,H&S,evDownloadLabel,2021-02-08T05:29:13.247Z
a022ea808a142a4d03a9b4eb3dfa74859a16241e510b3f56edbfdecf50ce8fae,241-418,PROWL H2O HERBICIDE,PICOL,evDownloadLabel,2021-02-09T15:08:32.495Z
eed5d9f16f5d6d5bcfad88f636b15247c5f7b428e49b71d6f7fe111a3802a1e5,51934-12,Cidetrak® Da Mec™,H&S,evDownloadLabel,2021-02-09T21:06:08.933Z
eed5d9f16f5d6d5bcfad88f636b15247c5f7b428e49b71d6f7fe111a3802a1e5,62719-591,Lorsban® Advanced,H&S,evDownloadLabel,2021-02-09T21:33:55.324Z
eed5d9f16f5d6d5bcfad88f636b15247c5f7b428e49b71d6f7fe111a3802a1e5,62719-220,Lorsban®-4E Insecticide,H&S,evDownloadLabel,2021-02-09T21:36:31.295Z
5496cd2b15689a116f0c7d4cb93deec3afed899cf38e783cc8707af475db91b0,2935-546,440 Superior Spray Oil,H&S,evDownloadLabel,2021-02-11T22:04:17.030Z
5496cd2b15689a116f0c7d4cb93deec3afed899cf38e783cc8707af475db91b0,400-503,Acramite® - 50WS,H&S,evDownloadLabel,2021-02-11T22:14:05.690Z
5496cd2b15689a116f0c7d4cb93deec3afed899cf38e783cc8707af475db91b0,400-503,Acramite® - 50WS,H&S,evDownloadLabel,2021-02-11T22:17:26.757Z
d971779855905cb2ae9b7605830a180e6ac0835a76f3f3913723776a2f7afe70,55146-96,AGRI-MYCIN 17,PICOL,evDownloadLabel,2021-02-12T00:34:29.281Z
d971779855905cb2ae9b7605830a180e6ac0835a76f3f3913723776a2f7afe70,55146-96,AGRI-MYCIN 17,PICOL,evDownloadLabel,2021-02-12T00:34:34.373Z
01d5716c7fa1a292ef32f503d3554ae7760f3be50870e80d4fd921b5d0ff2f43,71908-1-81268,AZAMAX,PICOL,evDownloadLabel,2021-02-12T00:52:35.321Z
01d5716c7fa1a292ef32f503d3554ae7760f3be50870e80d4fd921b5d0ff2f43,91234-104,BATTALLION 2EC,PICOL,evDownloadLabel,2021-02-12T00:56:17.740Z
01d5716c7fa1a292ef32f503d3554ae7760f3be50870e80d4fd921b5d0ff2f43,100-1529,ACADEMY FUNGICIDE,PICOL,evDownloadLabel,2021-02-12T05:37:32.488Z
5496cd2b15689a116f0c7d4cb93deec3afed899cf38e783cc8707af475db91b0,5481-502,Ambush® 25W Insecticide Wettable Powder,H&S,evDownloadLabel,2021-02-12T19:10:04.437Z
5496cd2b15689a116f0c7d4cb93deec3afed899cf38e783cc8707af475db91b0,264-806,Calypso® 4 Flowable Insecticide,H&S,evDownloadLabel,2021-02-12T19:12:04.995Z
01d5716c7fa1a292ef32f503d3554ae7760f3be50870e80d4fd921b5d0ff2f43,42750-19-5905,"2,4-D AMINE 4 HERBICIDE",PICOL,evDownloadLabel,2021-02-12T19:43:51.371Z
01d5716c7fa1a292ef32f503d3554ae7760f3be50870e80d4fd921b5d0ff2f43,62719-220,Lorsban®-4E Insecticide,H&S,evDownloadLabel,2021-02-14T20:08:12.056Z
01d5716c7fa1a292ef32f503d3554ae7760f3be50870e80d4fd921b5d0ff2f43,62719-220,Lorsban®-4E Insecticide,H&S,evDownloadLabel,2021-02-14T20:14:00.281Z
54c62a9aee45b95c1383217fb96d3504eaac6dff4358c4c8148c2539983138d0,62719-220-71058,Eraser™,H&S,evDownloadLabel,2021-02-15T21:05:45.266Z
54e258139f41fd82c7437bf9b57b836af14250749548a7a7eb6474e57b5bd0c2,1381-247,AGRISOLUTIONS RUGGED HERBICIDE,PICOL,evDownloadLabel,2021-02-18T02:18:19.288Z
54c62a9aee45b95c1383217fb96d3504eaac6dff4358c4c8148c2539983138d0,53575-32,Isomate®  CM Flex,H&S,evDownloadLabel,2021-02-18T15:22:34.549Z
9d0bba4ec46a6f2997fe33cbcf11bc9fc6d426cf9c443170ee2b94284b53aa5f,34704-447,Carbaryl 4L,H&S,evDownloadLabel,2021-02-18T19:55:50.282Z
9d0bba4ec46a6f2997fe33cbcf11bc9fc6d426cf9c443170ee2b94284b53aa5f,34704-447,Carbaryl 4L,H&S,evDownloadLabel,2021-02-18T19:56:29.934Z
9d0bba4ec46a6f2997fe33cbcf11bc9fc6d426cf9c443170ee2b94284b53aa5f,19713-49,Carbaryl 4L,H&S,evDownloadLabel,2021-02-18T19:57:03.478Z
5d6aef10109202f85fa08d68382eef697da44123afe70ab79d6fd52191c12373,62562-4-2935,SULFUR DRY FLOWABLE,PICOL,evDownloadLabel,2021-02-19T18:22:18.937Z
5d6aef10109202f85fa08d68382eef697da44123afe70ab79d6fd52191c12373,62562-4-2935,SULFUR DRY FLOWABLE,PICOL,evDownloadLabel,2021-02-19T18:22:26.178Z
5d6aef10109202f85fa08d68382eef697da44123afe70ab79d6fd52191c12373,62562-4-2935,SULFUR DRY FLOWABLE,PICOL,evDownloadLabel,2021-02-19T18:22:28.785Z
5d6aef10109202f85fa08d68382eef697da44123afe70ab79d6fd52191c12373,400-518,PROCURE 480SC AG FUNGICIDE,PICOL,evDownloadLabel,2021-02-19T18:25:57.457Z
5d6aef10109202f85fa08d68382eef697da44123afe70ab79d6fd52191c12373,19713-217,DREXEL MALATHION 5EC INSECTICIDE/MITICIDE,PICOL,evDownloadLabel,2021-02-19T18:33:24.138Z
825dfc571ddb396e52fac55c4dc6101bb7f51b2aa84b6b7bb840b1caffb2f3b5,62719-220,Lorsban®-4E Insecticide,H&S,evDownloadLabel,2021-02-20T23:00:03.972Z
825dfc571ddb396e52fac55c4dc6101bb7f51b2aa84b6b7bb840b1caffb2f3b5,524-549,ROUNDUP POWER MAX HERB,PICOL,evDownloadLabel,2021-02-23T00:30:47.112Z
825dfc571ddb396e52fac55c4dc6101bb7f51b2aa84b6b7bb840b1caffb2f3b5,524-549,ROUNDUP POWER MAX HERB,PICOL,evDownloadLabel,2021-02-23T00:32:16.474Z
825dfc571ddb396e52fac55c4dc6101bb7f51b2aa84b6b7bb840b1caffb2f3b5,524-549,ROUNDUP POWER MAX HERB,PICOL,evDownloadLabel,2021-02-23T00:32:18.036Z
825dfc571ddb396e52fac55c4dc6101bb7f51b2aa84b6b7bb840b1caffb2f3b5,524-537,ROUNDUP WEATHER MAX,PICOL,evDownloadLabel,2021-02-23T00:32:27.823Z
825dfc571ddb396e52fac55c4dc6101bb7f51b2aa84b6b7bb840b1caffb2f3b5,524-549,ROUNDUP POWER MAX HERBICIDE,PICOL,evDownloadLabel,2021-02-23T00:32:37.316Z
2ec4cda0fbf95e71c77e164a292afb06de85af95c7b9f572f7d57d8162997aff,2935-546,440 Superior Spray Oil,H&S,evDownloadLabel,2021-02-24T02:17:52.772Z
2ec4cda0fbf95e71c77e164a292afb06de85af95c7b9f572f7d57d8162997aff,352-859,DuPONT EXIREL,PICOL,evDownloadLabel,2021-02-24T02:19:38.933Z
54c62a9aee45b95c1383217fb96d3504eaac6dff4358c4c8148c2539983138d0,55467-9,BUCCANEER PLUS GLYPHOSATE HERBICIDE,PICOL,evDownloadLabel,2021-02-26T15:18:16.317Z
359cd6fd954572f64f27bc7bd4420d305a2673a864f7fe5cb668941f11083db7,7969-188,APOGEE PLANT GROWTH REGULATOR,PICOL,evDownloadLabel,2021-02-26T21:26:34.004Z
54c62a9aee45b95c1383217fb96d3504eaac6dff4358c4c8148c2539983138d0,8033-23-70506,Assail® 70WP Insecticide,H&S,evDownloadLabel,2021-02-26T23:43:52.553Z
54c62a9aee45b95c1383217fb96d3504eaac6dff4358c4c8148c2539983138d0,62719-541,Delegate® WG,H&S,evDownloadLabel,2021-02-27T01:00:04.406Z
54c62a9aee45b95c1383217fb96d3504eaac6dff4358c4c8148c2539983138d0,352-834,DuPont™ Fontelis® FUNGICIDE,H&S,evDownloadLabel,2021-02-27T01:00:44.239Z
5496cd2b15689a116f0c7d4cb93deec3afed899cf38e783cc8707af475db91b0,2935-546,440 Superior Spray Oil,H&S,evDownloadLabel,2021-03-02T19:18:12.893Z
5496cd2b15689a116f0c7d4cb93deec3afed899cf38e783cc8707af475db91b0,2935-546,440 Superior Spray Oil,H&S,evDownloadLabel,2021-03-02T20:31:46.910Z
d6d60266ab5001a37acf1afe32143c98b79ab5631f8b42b53d96a73ed1daf321,45002-4,NU-COP 50DF FUNGICIDE/BACTERICIDE,PICOL,evDownloadLabel,2021-03-03T19:29:47.219Z
7b7128b8789033415e5b1fe28aa543e05146ecd863756dc128ab37d26406a8d4,80990-1,FireLine™ 17 WP fungicide/bactericide,H&S,evDownloadLabel,2021-03-05T11:23:42.155Z
e5bd2684680b3dbc11d06ee5bdeaf9f78148f8d0d48c777442772a5bd8586bef,33270-21,"2,4-D /AMINE 4 HERBICIDE",PICOL,evDownloadLabel,2021-03-06T00:52:45.914Z
df2c24dcba7366af2a0f5058f2ecaede3736b0c0b5e73f05436dfd01abd8156b,19713-49,Carbaryl 4L,H&S,evDownloadLabel,2021-03-08T21:50:27.140Z
df2c24dcba7366af2a0f5058f2ecaede3736b0c0b5e73f05436dfd01abd8156b,71096-6,Rex Lime Sulfur Solution,H&S,evDownloadLabel,2021-03-08T21:52:08.618Z
42c0f3fdc54ba734cfbb00a10bca08478aa8e15abd5187c747196f05274f516d,86869-5,LAMBDA SELECT,PICOL,evDownloadLabel,2021-03-10T19:25:13.357Z
825dfc571ddb396e52fac55c4dc6101bb7f51b2aa84b6b7bb840b1caffb2f3b5,524-549,ROUNDUP POWER MAX HERB,PICOL,evDownloadLabel,2021-03-12T04:30:48.425Z
825dfc571ddb396e52fac55c4dc6101bb7f51b2aa84b6b7bb840b1caffb2f3b5,524-537,ROUNDUP WEATHER MAX HERBICIDE,PICOL,evDownloadLabel,2021-03-12T04:31:33.341Z
825dfc571ddb396e52fac55c4dc6101bb7f51b2aa84b6b7bb840b1caffb2f3b5,524-549,ROUNDUP POWER MAX HERBICIDE,PICOL,evDownloadLabel,2021-03-12T04:31:47.139Z
ba7ee3e77c35b8e5516b9ccb475f54295394cee9f6ae93912f61e5a11b8af20d,85678-58,PARAQUAT 43.2% SL,PICOL,evDownloadLabel,2021-03-14T03:47:43.460Z
ba7ee3e77c35b8e5516b9ccb475f54295394cee9f6ae93912f61e5a11b8af20d,2935-546,440 Superior Spray Oil,H&S,evDownloadLabel,2021-03-14T03:49:04.022Z
c33421473f364d0e48a791ed2ed1f8e2c1a340538eb188a767a2c4310c2f9e7c,34704-447,Carbaryl 4L,H&S,evDownloadLabel,2021-03-15T16:43:53.226Z
